{"Afghanistan":{"Lat":33.0,"Long":65.0},"Albania":{"Lat":41.1533,"Long":20.1683},"Algeria":{"Lat":28.0339,"Long":1.6596},"Andorra":{"Lat":42.5063,"Long":1.5218},"Angola":{"Lat":-11.2027,"Long":17.8739},"Antigua and Barbuda":{"Lat":17.0608,"Long":-61.7964},"Argentina":{"Lat":-38.4161,"Long":-63.6167},"Armenia":{"Lat":40.0691,"Long":45.0382},"Australia":{"Lat":-31.9961875,"Long":141.2327875},"Austria":{"Lat":47.5162,"Long":14.5501},"Azerbaijan":{"Lat":40.1431,"Long":47.5769},"Bahamas":{"Lat":25.0343,"Long":-77.3963},"Bahrain":{"Lat":26.0275,"Long":50.55},"Bangladesh":{"Lat":23.685,"Long":90.3563},"Barbados":{"Lat":13.1939,"Long":-59.5432},"Belarus":{"Lat":53.7098,"Long":27.9534},"Belgium":{"Lat":50.8333,"Long":4.0},"Belize":{"Lat":13.1939,"Long":-59.5432},"Benin":{"Lat":9.3077,"Long":2.3158},"Bhutan":{"Lat":27.5142,"Long":90.4336},"Bolivia":{"Lat":-16.2902,"Long":-63.5887},"Bosnia and Herzegovina":{"Lat":43.9159,"Long":17.6791},"Botswana":{"Lat":-22.3285,"Long":24.6849},"Brazil":{"Lat":-14.235,"Long":-51.9253},"Brunei":{"Lat":4.5353,"Long":114.7277},"Bulgaria":{"Lat":42.7339,"Long":25.4858},"Burkina Faso":{"Lat":12.2383,"Long":-1.5616},"Burma":{"Lat":21.9162,"Long":95.956},"Burundi":{"Lat":-3.3731,"Long":29.9189},"Cabo Verde":{"Lat":16.5388,"Long":-23.0418},"Cambodia":{"Lat":11.55,"Long":104.9167},"Cameroon":{"Lat":3.848,"Long":11.5021},"Canada":{"Lat":56.1304,"Long":-106.3468},"Central African Republic":{"Lat":6.6111,"Long":20.9394},"Chad":{"Lat":15.4542,"Long":18.7322},"Chile":{"Lat":-35.6751,"Long":-71.543},"China":{"Lat":32.8283848485,"Long":111.6490818182},"Colombia":{"Lat":4.5709,"Long":-74.2973},"Congo (Brazzaville)":{"Lat":-4.0383,"Long":21.7587},"Congo (Kinshasa)":{"Lat":-4.0383,"Long":21.7587},"Costa Rica":{"Lat":9.7489,"Long":-83.7534},"Cote d'Ivoire":{"Lat":7.54,"Long":-5.5471},"Croatia":{"Lat":45.1,"Long":15.2},"Cuba":{"Lat":22.0,"Long":-80.0},"Cyprus":{"Lat":35.1264,"Long":33.4299},"Czechia":{"Lat":49.8175,"Long":15.473},"Denmark":{"Lat":63.2878,"Long":-13.3381},"Diamond Princess":{"Lat":0.0,"Long":0.0},"Djibouti":{"Lat":11.8251,"Long":42.5903},"Dominica":{"Lat":15.415,"Long":-61.371},"Dominican Republic":{"Lat":18.7357,"Long":-70.1627},"Ecuador":{"Lat":-1.8312,"Long":-78.1834},"Egypt":{"Lat":26.0,"Long":30.0},"El Salvador":{"Lat":13.7942,"Long":-88.8965},"Equatorial Guinea":{"Lat":1.5,"Long":10.0},"Eritrea":{"Lat":15.1794,"Long":39.7823},"Estonia":{"Lat":58.5953,"Long":25.0136},"Eswatini":{"Lat":-26.5225,"Long":31.4659},"Ethiopia":{"Lat":9.145,"Long":40.4897},"Fiji":{"Lat":-17.7134,"Long":178.065},"Finland":{"Lat":64.0,"Long":26.0},"France":{"Lat":8.3056727273,"Long":5.4290181818},"Gabon":{"Lat":-0.8037,"Long":11.6094},"Gambia":{"Lat":13.4432,"Long":-15.3101},"Georgia":{"Lat":42.3154,"Long":43.3569},"Germany":{"Lat":51.0,"Long":9.0},"Ghana":{"Lat":7.9465,"Long":-1.0232},"Greece":{"Lat":39.0742,"Long":21.8243},"Grenada":{"Lat":12.1165,"Long":-61.679},"Guatemala":{"Lat":15.7835,"Long":-90.2308},"Guinea":{"Lat":9.9456,"Long":-9.6966},"Guinea-Bissau":{"Lat":11.8037,"Long":-15.1804},"Guyana":{"Lat":5.0,"Long":-58.75},"Haiti":{"Lat":18.9712,"Long":-72.2852},"Holy See":{"Lat":41.9029,"Long":12.4534},"Honduras":{"Lat":15.2,"Long":-86.2419},"Hungary":{"Lat":47.1625,"Long":19.5033},"Iceland":{"Lat":64.9631,"Long":-19.0208},"India":{"Lat":21.0,"Long":78.0},"Indonesia":{"Lat":-0.7893,"Long":113.9213},"Iran":{"Lat":32.0,"Long":53.0},"Iraq":{"Lat":33.0,"Long":44.0},"Ireland":{"Lat":53.1424,"Long":-7.6921},"Israel":{"Lat":31.0,"Long":35.0},"Italy":{"Lat":43.0,"Long":12.0},"Jamaica":{"Lat":18.1096,"Long":-77.2975},"Japan":{"Lat":36.0,"Long":138.0},"Jordan":{"Lat":31.24,"Long":36.51},"Kazakhstan":{"Lat":48.0196,"Long":66.9237},"Kenya":{"Lat":-0.0236,"Long":37.9062},"Korea, South":{"Lat":36.0,"Long":128.0},"Kosovo":{"Lat":42.602636,"Long":20.902977},"Kuwait":{"Lat":29.5,"Long":47.75},"Kyrgyzstan":{"Lat":41.2044,"Long":74.7661},"Laos":{"Lat":19.85627,"Long":102.495496},"Latvia":{"Lat":56.8796,"Long":24.6032},"Lebanon":{"Lat":33.8547,"Long":35.8623},"Liberia":{"Lat":6.4281,"Long":-9.4295},"Libya":{"Lat":26.3351,"Long":17.228331},"Liechtenstein":{"Lat":47.14,"Long":9.55},"Lithuania":{"Lat":55.1694,"Long":23.8813},"Luxembourg":{"Lat":49.8153,"Long":6.1296},"MS Zaandam":{"Lat":0.0,"Long":0.0},"Madagascar":{"Lat":-18.7669,"Long":46.8691},"Malawi":{"Lat":-13.254308,"Long":34.301525},"Malaysia":{"Lat":2.5,"Long":112.5},"Maldives":{"Lat":3.2028,"Long":73.2207},"Mali":{"Lat":17.570692,"Long":-3.996166},"Malta":{"Lat":35.9375,"Long":14.3754},"Mauritania":{"Lat":21.0079,"Long":10.9408},"Mauritius":{"Lat":-20.2,"Long":57.5},"Mexico":{"Lat":23.6345,"Long":-102.5528},"Moldova":{"Lat":47.4116,"Long":28.3699},"Monaco":{"Lat":43.7333,"Long":7.4167},"Mongolia":{"Lat":46.8625,"Long":103.8467},"Montenegro":{"Lat":42.5,"Long":19.3},"Morocco":{"Lat":31.7917,"Long":-7.0926},"Mozambique":{"Lat":-18.6657,"Long":35.5296},"Namibia":{"Lat":-22.9576,"Long":18.4904},"Nepal":{"Lat":28.1667,"Long":84.25},"Netherlands":{"Lat":21.40834,"Long":-53.00556},"New Zealand":{"Lat":-40.9006,"Long":174.886},"Nicaragua":{"Lat":12.8654,"Long":-85.2072},"Niger":{"Lat":17.6078,"Long":8.0817},"Nigeria":{"Lat":9.082,"Long":8.6753},"North Macedonia":{"Lat":41.6086,"Long":21.7453},"Norway":{"Lat":60.472,"Long":8.4689},"Oman":{"Lat":21.0,"Long":57.0},"Pakistan":{"Lat":30.3753,"Long":69.3451},"Panama":{"Lat":8.538,"Long":-80.7821},"Papua New Guinea":{"Lat":-6.315,"Long":143.9555},"Paraguay":{"Lat":-23.4425,"Long":-58.4438},"Peru":{"Lat":-9.19,"Long":-75.0152},"Philippines":{"Lat":13.0,"Long":122.0},"Poland":{"Lat":51.9194,"Long":19.1451},"Portugal":{"Lat":39.3999,"Long":-8.2245},"Qatar":{"Lat":25.3548,"Long":51.1839},"Romania":{"Lat":45.9432,"Long":24.9668},"Russia":{"Lat":60.0,"Long":90.0},"Rwanda":{"Lat":-1.9403,"Long":29.8739},"Saint Kitts and Nevis":{"Lat":17.357822,"Long":-62.782998},"Saint Lucia":{"Lat":13.9094,"Long":-60.9789},"Saint Vincent and the Grenadines":{"Lat":12.9843,"Long":-61.2872},"San Marino":{"Lat":43.9424,"Long":12.4578},"Sao Tome and Principe":{"Lat":0.18636,"Long":6.613081},"Saudi Arabia":{"Lat":24.0,"Long":45.0},"Senegal":{"Lat":14.4974,"Long":-14.4524},"Serbia":{"Lat":44.0165,"Long":21.0059},"Seychelles":{"Lat":-4.6796,"Long":55.492},"Sierra Leone":{"Lat":8.460555,"Long":-11.779889},"Singapore":{"Lat":1.2833,"Long":103.8333},"Slovakia":{"Lat":48.669,"Long":19.699},"Slovenia":{"Lat":46.1512,"Long":14.9955},"Somalia":{"Lat":5.1521,"Long":46.1996},"South Africa":{"Lat":-30.5595,"Long":22.9375},"South Sudan":{"Lat":6.877,"Long":31.307},"Spain":{"Lat":40.0,"Long":-4.0},"Sri Lanka":{"Lat":7.0,"Long":81.0},"Sudan":{"Lat":12.8628,"Long":30.2176},"Suriname":{"Lat":3.9193,"Long":-56.0278},"Sweden":{"Lat":63.0,"Long":16.0},"Switzerland":{"Lat":46.8182,"Long":8.2275},"Syria":{"Lat":34.8021,"Long":38.9968},"Taiwan*":{"Lat":23.7,"Long":121.0},"Tanzania":{"Lat":-6.369,"Long":34.8888},"Thailand":{"Lat":15.0,"Long":101.0},"Timor-Leste":{"Lat":-8.8742,"Long":125.7275},"Togo":{"Lat":8.6195,"Long":0.8248},"Trinidad and Tobago":{"Lat":10.6918,"Long":-61.2225},"Tunisia":{"Lat":34.0,"Long":9.0},"Turkey":{"Lat":38.9637,"Long":35.2433},"US":{"Lat":37.0902,"Long":-95.7129},"Uganda":{"Lat":1.0,"Long":32.0},"Ukraine":{"Lat":48.3794,"Long":31.1656},"United Arab Emirates":{"Lat":24.0,"Long":54.0},"United Kingdom":{"Lat":24.5481727273,"Long":-43.9022454545},"Uruguay":{"Lat":-32.5228,"Long":-55.7658},"Uzbekistan":{"Lat":41.3775,"Long":64.5853},"Venezuela":{"Lat":6.4238,"Long":-66.5897},"Vietnam":{"Lat":16.0,"Long":108.0},"West Bank and Gaza":{"Lat":31.9522,"Long":35.2332},"Western Sahara":{"Lat":24.2155,"Long":-12.8858},"Zambia":{"Lat":-15.4167,"Long":28.2833},"Zimbabwe":{"Lat":-20.0,"Long":30.0}}